id	name	description	is_bodyweight	multiplier	volume_multiplier
crunches	Crunches	Lie on your back with knees bent and feet planted. Exhale as you lift your shoulders and ribcage toward your pelvis. Lower slowly back down, keeping tension in your core. Maintain a neutral spine, steady breathing, and controlled movement throughout.	true	1.0	1.0
sit_ups	Sit Ups	Lie on your back with knees bent and feet planted. Exhale as you lift your shoulders and ribcage toward your pelvis. Lower slowly back down, keeping tension in your core. Maintain a neutral spine, steady breathing, and controlled movement throughout.	true	1.0	1.0
muscle_ups	Muscle Ups	Set up in a stable position with your core engaged. Perform the movement in a controlled motion, focusing on the target muscles. Return to the start position with balance and control. Maintain a neutral spine, steady breathing, and controlled movement throughout.	true	1.0	1.0
seated_dumbbell_shoulder_press	Seated Dumbbell Shoulder Press	Set your grip securely and brace your core for the press. Press the weight smoothly while keeping your torso stable and avoiding arching. Return under control to the starting position. Maintain a neutral spine, steady breathing, and controlled movement throughout.	false	1.0	1.0
bodyweight_squat	Bodyweight Squat	Stand with your feet shoulder-width apart and brace your core. Lower into a squat by bending hips and knees, keeping your chest upright. Push through your heels to return to standing, squeezing your glutes at the top. Maintain a neutral spine, steady breathing, and controlled movement throughout.	true	1.0	1.0
hack_squat	Hack Squat	Stand with your feet shoulder-width apart and brace your core. Lower into a squat by bending hips and knees, keeping your chest upright. Push through your heels to return to standing, squeezing your glutes at the top. Maintain a neutral spine, steady breathing, and controlled movement throughout.	false	1.0	1.0
clean_and_jerk	Clean and Jerk	Stand with your mid-foot under the bar and hinge at the hips with a flat back. Drive through your legs and hips to lift the weight while keeping it close to your body. Stand tall at the top, then lower under control to the floor. Maintain a neutral spine, steady breathing, and controlled movement throughout.	false	1.0	1.0
machine_shoulder_press	Machine Shoulder Press	Set your grip securely and brace your core for the press. Press the weight smoothly while keeping your torso stable and avoiding arching. Return under control to the starting position. Maintain a neutral spine, steady breathing, and controlled movement throughout.	false	1.0	1.0
one_arm_push_ups	One Arm Push Ups	Set up in a stable position with your core engaged. Perform the movement in a controlled motion, focusing on the target muscles. Return to the start position with balance and control. Maintain a neutral spine, steady breathing, and controlled movement throughout.	true	1.0	1.0
machine_chest_fly	Machine Chest Fly	Stand or lie in position with arms extended slightly bent. Lift or open your arms in a wide arc until you feel tension in the target muscles. Return slowly to the starting position without swinging. Maintain a neutral spine, steady breathing, and controlled movement throughout.	false	1.0	1.0
dumbbell_bulgarian_split_squat	Dumbbell Bulgarian Split Squat	Stand with your feet shoulder-width apart and brace your core. Lower into a squat by bending hips and knees, keeping your chest upright. Push through your heels to return to standing, squeezing your glutes at the top. Maintain a neutral spine, steady breathing, and controlled movement throughout.	false	1.0	1.0
snatch	Snatch	Stand with your mid-foot under the bar and hinge at the hips with a flat back. Drive through your legs and hips to lift the weight while keeping it close to your body. Stand tall at the top, then lower under control to the floor. Maintain a neutral spine, steady breathing, and controlled movement throughout.	false	1.0	1.0
lying_tricep_extension	Lying Tricep Extension	Set up in a stable position with your core engaged. Perform the movement in a controlled motion, focusing on the target muscles. Return to the start position with balance and control. Maintain a neutral spine, steady breathing, and controlled movement throughout.	false	1.0	1.0
seated_leg_curl	Seated Leg Curl	Stand tall with elbows close to your sides and shoulders relaxed. Curl the weight upward by bending your elbows while keeping upper arms still. Lower slowly until your arms are fully extended. Maintain a neutral spine, steady breathing, and controlled movement throughout.	false	1.0	1.0
ez_bar_curl	EZ Bar Curl	Stand tall with elbows close to your sides and shoulders relaxed. Curl the weight upward by bending your elbows while keeping upper arms still. Lower slowly until your arms are fully extended. Maintain a neutral spine, steady breathing, and controlled movement throughout.	false	1.0	1.0
close_grip_bench_press	Close Grip Bench Press	Set your grip securely and brace your core for the press. Press the weight smoothly while keeping your torso stable and avoiding arching. Return under control to the starting position. Maintain a neutral spine, steady breathing, and controlled movement throughout.	false	1.0	1.0
preacher_curl	Preacher Curl	Stand tall with elbows close to your sides and shoulders relaxed. Curl the weight upward by bending your elbows while keeping upper arms still. Lower slowly until your arms are fully extended. Maintain a neutral spine, steady breathing, and controlled movement throughout.	false	1.0	1.0
seated_shoulder_press	Seated Shoulder Press	Set your grip securely and brace your core for the press. Press the weight smoothly while keeping your torso stable and avoiding arching. Return under control to the starting position. Maintain a neutral spine, steady breathing, and controlled movement throughout.	false	1.0	1.0
goblet_squat	Goblet Squat	Stand with your feet shoulder-width apart and brace your core. Lower into a squat by bending hips and knees, keeping your chest upright. Push through your heels to return to standing, squeezing your glutes at the top. Maintain a neutral spine, steady breathing, and controlled movement throughout.	false	1.0	1.0
barbell_shrug	Barbell Shrug	Set up in a stable position with your core engaged. Perform the movement in a controlled motion, focusing on the target muscles. Return to the start position with balance and control. Maintain a neutral spine, steady breathing, and controlled movement throughout.	false	1.0	1.0
clean	Clean	Stand with your mid-foot under the bar and hinge at the hips with a flat back. Drive through your legs and hips to lift the weight while keeping it close to your body. Stand tall at the top, then lower under control to the floor. Maintain a neutral spine, steady breathing, and controlled movement throughout.	false	1.0	1.0
t_bar_row	T Bar Row	Set a firm grip and hinge slightly at the hips with chest up. Pull the weight toward your torso, squeezing your shoulder blades together. Return the weight under control to full extension. Maintain a neutral spine, steady breathing, and controlled movement throughout.	false	1.0	1.0
neutral_grip_pull_ups	Neutral Grip Pull Ups	Stand with your mid-foot under the bar and hinge at the hips with a flat back. Drive through your legs and hips to lift the weight while keeping it close to your body. Stand tall at the top, then lower under control to the floor. Maintain a neutral spine, steady breathing, and controlled movement throughout.	true	1.0	1.0
lying_leg_curl	Lying Leg Curl	Stand tall with elbows close to your sides and shoulders relaxed. Curl the weight upward by bending your elbows while keeping upper arms still. Lower slowly until your arms are fully extended. Maintain a neutral spine, steady breathing, and controlled movement throughout.	false	1.0	1.0
diamond_push_ups	Diamond Push Ups	Set up in a stable position with your core engaged. Perform the movement in a controlled motion, focusing on the target muscles. Return to the start position with balance and control. Maintain a neutral spine, steady breathing, and controlled movement throughout.	true	1.0	1.0
machine_calf_raise	Machine Calf Raise	Stand or lie in position with arms extended slightly bent. Lift or open your arms in a wide arc until you feel tension in the target muscles. Return slowly to the starting position without swinging. Maintain a neutral spine, steady breathing, and controlled movement throughout.	true	1.0	1.0
push_press	Push Press	Set your grip securely and brace your core for the press. Press the weight smoothly while keeping your torso stable and avoiding arching. Return under control to the starting position. Maintain a neutral spine, steady breathing, and controlled movement throughout.	false	1.0	1.0
dumbbell_fly	Dumbbell Fly	Stand or lie in position with arms extended slightly bent. Lift or open your arms in a wide arc until you feel tension in the target muscles. Return slowly to the starting position without swinging. Maintain a neutral spine, steady breathing, and controlled movement throughout.	false	1.0	1.0
hip_adduction	Hip Adduction	Set up in a stable position with your core engaged. Perform the movement in a controlled motion, focusing on the target muscles. Return to the start position with balance and control. Maintain a neutral spine, steady breathing, and controlled movement throughout.	false	1.0	1.0
decline_bench_press	Decline Bench Press	Set your grip securely and brace your core for the press. Press the weight smoothly while keeping your torso stable and avoiding arching. Return under control to the starting position. Maintain a neutral spine, steady breathing, and controlled movement throughout.	false	1.0	1.0
dumbbell_shrug	Dumbbell Shrug	Set up in a stable position with your core engaged. Perform the movement in a controlled motion, focusing on the target muscles. Return to the start position with balance and control. Maintain a neutral spine, steady breathing, and controlled movement throughout.	false	1.0	1.0
smith_machine_bench_press	Smith Machine Bench Press	Set your grip securely and brace your core for the press. Press the weight smoothly while keeping your torso stable and avoiding arching. Return under control to the starting position. Maintain a neutral spine, steady breathing, and controlled movement throughout.	false	1.0	1.0
dumbbell_lunge	Dumbbell Lunge	Stand tall and step one foot forward into a long stance. Bend both knees to lower your hips straight down until your back knee nearly touches the floor. Drive through the front heel to return to standing. Maintain a neutral spine, steady breathing, and controlled movement throughout.	false	1.0	1.0
pistol_squat	Pistol Squat	Stand with your feet shoulder-width apart and brace your core. Lower into a squat by bending hips and knees, keeping your chest upright. Push through your heels to return to standing, squeezing your glutes at the top. Maintain a neutral spine, steady breathing, and controlled movement throughout.	false	1.0	1.0
hanging_leg_raise	Hanging Leg Raise	Stand or lie in position with arms extended slightly bent. Lift or open your arms in a wide arc until you feel tension in the target muscles. Return slowly to the starting position without swinging. Maintain a neutral spine, steady breathing, and controlled movement throughout.	false	1.0	1.0
tricep_rope_pushdown	Tricep Rope Pushdown	Set up in a stable position with your core engaged. Perform the movement in a controlled motion, focusing on the target muscles. Return to the start position with balance and control. Maintain a neutral spine, steady breathing, and controlled movement throughout.	false	1.0	1.0
machine_row	Machine Row	Set a firm grip and hinge slightly at the hips with chest up. Pull the weight toward your torso, squeezing your shoulder blades together. Return the weight under control to full extension. Maintain a neutral spine, steady breathing, and controlled movement throughout.	false	1.0	1.0
chest_supported_dumbbell_row	Chest Supported Dumbbell Row	Set a firm grip and hinge slightly at the hips with chest up. Pull the weight toward your torso, squeezing your shoulder blades together. Return the weight under control to full extension. Maintain a neutral spine, steady breathing, and controlled movement throughout.	false	1.0	1.0
clean_and_press	Clean and Press	Set your grip securely and brace your core for the press. Press the weight smoothly while keeping your torso stable and avoiding arching. Return under control to the starting position. Maintain a neutral spine, steady breathing, and controlled movement throughout.	false	1.0	1.0
dumbbell_romanian_deadlift	Dumbbell Romanian Deadlift	Stand with your mid-foot under the bar and hinge at the hips with a flat back. Drive through your legs and hips to lift the weight while keeping it close to your body. Stand tall at the top, then lower under control to the floor. Maintain a neutral spine, steady breathing, and controlled movement throughout.	false	1.0	1.0
rack_pull	Rack Pull	Stand with your mid-foot under the bar and hinge at the hips with a flat back. Drive through your legs and hips to lift the weight while keeping it close to your body. Stand tall at the top, then lower under control to the floor. Maintain a neutral spine, steady breathing, and controlled movement throughout.	false	1.0	1.0
bulgarian_split_squat	Bulgarian Split Squat	Stand with your feet shoulder-width apart and brace your core. Lower into a squat by bending hips and knees, keeping your chest upright. Push through your heels to return to standing, squeezing your glutes at the top. Maintain a neutral spine, steady breathing, and controlled movement throughout.	false	1.0	1.0
smith_machine_squat	Smith Machine Squat	Stand with your feet shoulder-width apart and brace your core. Lower into a squat by bending hips and knees, keeping your chest upright. Push through your heels to return to standing, squeezing your glutes at the top. Maintain a neutral spine, steady breathing, and controlled movement throughout.	false	1.0	1.0
pendlay_row	Pendlay Row	Set a firm grip and hinge slightly at the hips with chest up. Pull the weight toward your torso, squeezing your shoulder blades together. Return the weight under control to full extension. Maintain a neutral spine, steady breathing, and controlled movement throughout.	false	1.0	1.0
dumbbell_tricep_extension	Dumbbell Tricep Extension	Set up in a stable position with your core engaged. Perform the movement in a controlled motion, focusing on the target muscles. Return to the start position with balance and control. Maintain a neutral spine, steady breathing, and controlled movement throughout.	false	1.0	1.0
box_squat	Box Squat	Stand with your feet shoulder-width apart and brace your core. Lower into a squat by bending hips and knees, keeping your chest upright. Push through your heels to return to standing, squeezing your glutes at the top. Maintain a neutral spine, steady breathing, and controlled movement throughout.	false	1.0	1.0
cable_bicep_curl	Cable Bicep Curl	Stand tall with elbows close to your sides and shoulders relaxed. Curl the weight upward by bending your elbows while keeping upper arms still. Lower slowly until your arms are fully extended. Maintain a neutral spine, steady breathing, and controlled movement throughout.	false	1.0	1.0
seated_calf_raise	Seated Calf Raise	Stand or lie in position with arms extended slightly bent. Lift or open your arms in a wide arc until you feel tension in the target muscles. Return slowly to the starting position without swinging. Maintain a neutral spine, steady breathing, and controlled movement throughout.	true	1.0	1.0
incline_dumbbell_curl	Incline Dumbbell Curl	Stand tall with elbows close to your sides and shoulders relaxed. Curl the weight upward by bending your elbows while keeping upper arms still. Lower slowly until your arms are fully extended. Maintain a neutral spine, steady breathing, and controlled movement throughout.	false	1.0	1.0
close_grip_lat_pulldown	Close Grip Lat Pulldown	Set a firm grip and hinge slightly at the hips with chest up. Pull the weight toward your torso, squeezing your shoulder blades together. Return the weight under control to full extension. Maintain a neutral spine, steady breathing, and controlled movement throughout.	false	1.0	1.0
upright_row	Upright Row	Set a firm grip and hinge slightly at the hips with chest up. Pull the weight toward your torso, squeezing your shoulder blades together. Return the weight under control to full extension. Maintain a neutral spine, steady breathing, and controlled movement throughout.	false	1.0	1.0
vertical_leg_press	Vertical Leg Press	Set your grip securely and brace your core for the press. Press the weight smoothly while keeping your torso stable and avoiding arching. Return under control to the starting position. Maintain a neutral spine, steady breathing, and controlled movement throughout.	false	1.0	1.0
machine_seated_crunch	Machine Seated Crunch	Lie on your back with knees bent and feet planted. Exhale as you lift your shoulders and ribcage toward your pelvis. Lower slowly back down, keeping tension in your core. Maintain a neutral spine, steady breathing, and controlled movement throughout.	true	1.0	1.0
machine_bicep_curl	Machine Bicep Curl	Stand tall with elbows close to your sides and shoulders relaxed. Curl the weight upward by bending your elbows while keeping upper arms still. Lower slowly until your arms are fully extended. Maintain a neutral spine, steady breathing, and controlled movement throughout.	false	1.0	1.0
arnold_press	Arnold Press	Set your grip securely and brace your core for the press. Press the weight smoothly while keeping your torso stable and avoiding arching. Return under control to the starting position. Maintain a neutral spine, steady breathing, and controlled movement throughout.	false	1.0	1.0
zercher_squat	Zercher Squat	Stand with your feet shoulder-width apart and brace your core. Lower into a squat by bending hips and knees, keeping your chest upright. Push through your heels to return to standing, squeezing your glutes at the top. Maintain a neutral spine, steady breathing, and controlled movement throughout.	false	1.0	1.0
cable_lateral_raise	Cable Lateral Raise	Stand or lie in position with arms extended slightly bent. Lift or open your arms in a wide arc until you feel tension in the target muscles. Return slowly to the starting position without swinging. Maintain a neutral spine, steady breathing, and controlled movement throughout.	false	1.0	1.0
incline_dumbbell_fly	Incline Dumbbell Fly	Stand or lie in position with arms extended slightly bent. Lift or open your arms in a wide arc until you feel tension in the target muscles. Return slowly to the starting position without swinging. Maintain a neutral spine, steady breathing, and controlled movement throughout.	false	1.0	1.0
stiff_leg_deadlift	Stiff Leg Deadlift	Stand with your mid-foot under the bar and hinge at the hips with a flat back. Drive through your legs and hips to lift the weight while keeping it close to your body. Stand tall at the top, then lower under control to the floor. Maintain a neutral spine, steady breathing, and controlled movement throughout.	false	1.0	1.0
dumbbell_reverse_fly	Dumbbell Reverse Fly	Stand or lie in position with arms extended slightly bent. Lift or open your arms in a wide arc until you feel tension in the target muscles. Return slowly to the starting position without swinging. Maintain a neutral spine, steady breathing, and controlled movement throughout.	false	1.0	1.0
hang_clean	Hang Clean	Stand with your mid-foot under the bar and hinge at the hips with a flat back. Drive through your legs and hips to lift the weight while keeping it close to your body. Stand tall at the top, then lower under control to the floor. Maintain a neutral spine, steady breathing, and controlled movement throughout.	false	1.0	1.0
dumbbell_concentration_curl	Dumbbell Concentration Curl	Stand tall with elbows close to your sides and shoulders relaxed. Curl the weight upward by bending your elbows while keeping upper arms still. Lower slowly until your arms are fully extended. Maintain a neutral spine, steady breathing, and controlled movement throughout.	false	1.0	1.0
decline_push_up	Decline Push Up	Set up in a stable position with your core engaged. Perform the movement in a controlled motion, focusing on the target muscles. Return to the start position with balance and control. Maintain a neutral spine, steady breathing, and controlled movement throughout.	true	1.0	1.0
cable_crunch	Cable Crunch	Lie on your back with knees bent and feet planted. Exhale as you lift your shoulders and ribcage toward your pelvis. Lower slowly back down, keeping tension in your core. Maintain a neutral spine, steady breathing, and controlled movement throughout.	true	1.0	1.0
dumbbell_front_raise	Dumbbell Front Raise	Stand or lie in position with arms extended slightly bent. Lift or open your arms in a wide arc until you feel tension in the target muscles. Return slowly to the starting position without swinging. Maintain a neutral spine, steady breathing, and controlled movement throughout.	false	1.0	1.0
back_extension	Back Extension	Set up in a stable position with your core engaged. Perform the movement in a controlled motion, focusing on the target muscles. Return to the start position with balance and control. Maintain a neutral spine, steady breathing, and controlled movement throughout.	false	1.0	1.0
good_morning	Good Morning	Set up in a stable position with your core engaged. Perform the movement in a controlled motion, focusing on the target muscles. Return to the start position with balance and control. Maintain a neutral spine, steady breathing, and controlled movement throughout.	false	1.0	1.0
tricep_extension	Tricep Extension	Set up in a stable position with your core engaged. Perform the movement in a controlled motion, focusing on the target muscles. Return to the start position with balance and control. Maintain a neutral spine, steady breathing, and controlled movement throughout.	false	1.0	1.0
one_arm_pull_ups	One Arm Pull Ups	Stand with your mid-foot under the bar and hinge at the hips with a flat back. Drive through your legs and hips to lift the weight while keeping it close to your body. Stand tall at the top, then lower under control to the floor. Maintain a neutral spine, steady breathing, and controlled movement throughout.	true	1.0	1.0
seated_dip_machine	Seated Dip Machine	Set up in a stable position with your core engaged. Perform the movement in a controlled motion, focusing on the target muscles. Return to the start position with balance and control. Maintain a neutral spine, steady breathing, and controlled movement throughout.	true	1.0	1.0
floor_press	Floor Press	Set your grip securely and brace your core for the press. Press the weight smoothly while keeping your torso stable and avoiding arching. Return under control to the starting position. Maintain a neutral spine, steady breathing, and controlled movement throughout.	false	1.0	1.0
dumbbell_pullover	Dumbbell Pullover	Stand with your mid-foot under the bar and hinge at the hips with a flat back. Drive through your legs and hips to lift the weight while keeping it close to your body. Stand tall at the top, then lower under control to the floor. Maintain a neutral spine, steady breathing, and controlled movement throughout.	false	1.0	1.0
lunge	Lunge	Stand tall and step one foot forward into a long stance. Bend both knees to lower your hips straight down until your back knee nearly touches the floor. Drive through the front heel to return to standing. Maintain a neutral spine, steady breathing, and controlled movement throughout.	false	1.0	1.0
cable_fly	Cable Fly	Stand or lie in position with arms extended slightly bent. Lift or open your arms in a wide arc until you feel tension in the target muscles. Return slowly to the starting position without swinging. Maintain a neutral spine, steady breathing, and controlled movement throughout.	false	1.0	1.0
hip_abduction	Hip Abduction	Set up in a stable position with your core engaged. Perform the movement in a controlled motion, focusing on the target muscles. Return to the start position with balance and control. Maintain a neutral spine, steady breathing, and controlled movement throughout.	false	1.0	1.0
single_leg_squat	Single Leg Squat	Stand with your feet shoulder-width apart and brace your core. Lower into a squat by bending hips and knees, keeping your chest upright. Push through your heels to return to standing, squeezing your glutes at the top. Maintain a neutral spine, steady breathing, and controlled movement throughout.	false	1.0	1.0
dumbbell_floor_press	Dumbbell Floor Press	Set your grip securely and brace your core for the press. Press the weight smoothly while keeping your torso stable and avoiding arching. Return under control to the starting position. Maintain a neutral spine, steady breathing, and controlled movement throughout.	false	1.0	1.0
barbell_lunge	Barbell Lunge	Stand tall and step one foot forward into a long stance. Bend both knees to lower your hips straight down until your back knee nearly touches the floor. Drive through the front heel to return to standing. Maintain a neutral spine, steady breathing, and controlled movement throughout.	false	1.0	1.0
handstand_push_ups	Handstand Push Ups	Set up in a stable position with your core engaged. Perform the movement in a controlled motion, focusing on the target muscles. Return to the start position with balance and control. Maintain a neutral spine, steady breathing, and controlled movement throughout.	true	1.0	1.0
thruster	Thruster	Set up in a stable position with your core engaged. Perform the movement in a controlled motion, focusing on the target muscles. Return to the start position with balance and control. Maintain a neutral spine, steady breathing, and controlled movement throughout.	false	1.0	1.0
burpees	Burpees	Set up in a stable position with your core engaged. Perform the movement in a controlled motion, focusing on the target muscles. Return to the start position with balance and control. Maintain a neutral spine, steady breathing, and controlled movement throughout.	true	1.0	1.0
dumbbell_squat	Dumbbell Squat	Stand with your feet shoulder-width apart and brace your core. Lower into a squat by bending hips and knees, keeping your chest upright. Push through your heels to return to standing, squeezing your glutes at the top. Maintain a neutral spine, steady breathing, and controlled movement throughout.	false	1.0	1.0
close_grip_push_up	Close Grip Push Up	Set up in a stable position with your core engaged. Perform the movement in a controlled motion, focusing on the target muscles. Return to the start position with balance and control. Maintain a neutral spine, steady breathing, and controlled movement throughout.	true	1.0	1.0
barbell_calf_raise	Barbell Calf Raise	Stand or lie in position with arms extended slightly bent. Lift or open your arms in a wide arc until you feel tension in the target muscles. Return slowly to the starting position without swinging. Maintain a neutral spine, steady breathing, and controlled movement throughout.	true	1.0	1.0
face_pull	Face Pull	Stand with your mid-foot under the bar and hinge at the hips with a flat back. Drive through your legs and hips to lift the weight while keeping it close to your body. Stand tall at the top, then lower under control to the floor. Maintain a neutral spine, steady breathing, and controlled movement throughout.	false	1.0	1.0
bodyweight_calf_raise	Bodyweight Calf Raise	Stand or lie in position with arms extended slightly bent. Lift or open your arms in a wide arc until you feel tension in the target muscles. Return slowly to the starting position without swinging. Maintain a neutral spine, steady breathing, and controlled movement throughout.	true	1.0	1.0
wrist_curl	Wrist Curl	Stand tall with elbows close to your sides and shoulders relaxed. Curl the weight upward by bending your elbows while keeping upper arms still. Lower slowly until your arms are fully extended. Maintain a neutral spine, steady breathing, and controlled movement throughout.	false	1.0	1.0
overhead_squat	Overhead Squat	Stand with your feet shoulder-width apart and brace your core. Lower into a squat by bending hips and knees, keeping your chest upright. Push through your heels to return to standing, squeezing your glutes at the top. Maintain a neutral spine, steady breathing, and controlled movement throughout.	false	1.0	1.0
russian_twist	Russian Twist	Set up in a stable position with your core engaged. Perform the movement in a controlled motion, focusing on the target muscles. Return to the start position with balance and control. Maintain a neutral spine, steady breathing, and controlled movement throughout.	false	1.0	1.0
decline_sit_up	Decline Sit Up	Lie on your back with knees bent and feet planted. Exhale as you lift your shoulders and ribcage toward your pelvis. Lower slowly back down, keeping tension in your core. Maintain a neutral spine, steady breathing, and controlled movement throughout.	true	1.0	1.0
lying_leg_raise	Lying Leg Raise	Stand or lie in position with arms extended slightly bent. Lift or open your arms in a wide arc until you feel tension in the target muscles. Return slowly to the starting position without swinging. Maintain a neutral spine, steady breathing, and controlled movement throughout.	false	1.0	1.0
glute_bridge	Glute Bridge	Set up in a stable position with your core engaged. Perform the movement in a controlled motion, focusing on the target muscles. Return to the start position with balance and control. Maintain a neutral spine, steady breathing, and controlled movement throughout.	true	1.0	1.0
lying_dumbbell_tricep_extension	Lying Dumbbell Tricep Extension	Set up in a stable position with your core engaged. Perform the movement in a controlled motion, focusing on the target muscles. Return to the start position with balance and control. Maintain a neutral spine, steady breathing, and controlled movement throughout.	false	1.0	1.0
power_snatch	Power Snatch	Stand with your mid-foot under the bar and hinge at the hips with a flat back. Drive through your legs and hips to lift the weight while keeping it close to your body. Stand tall at the top, then lower under control to the floor. Maintain a neutral spine, steady breathing, and controlled movement throughout.	false	1.0	1.0
bench_dips	Bench Dips	Set up in a stable position with your core engaged. Perform the movement in a controlled motion, focusing on the target muscles. Return to the start position with balance and control. Maintain a neutral spine, steady breathing, and controlled movement throughout.	true	1.0	1.0
paused_bench_press	Paused Bench Press	Set your grip securely and brace your core for the press. Press the weight smoothly while keeping your torso stable and avoiding arching. Return under control to the starting position. Maintain a neutral spine, steady breathing, and controlled movement throughout.	false	1.0	1.0
split_squat	Split Squat	Stand with your feet shoulder-width apart and brace your core. Lower into a squat by bending hips and knees, keeping your chest upright. Push through your heels to return to standing, squeezing your glutes at the top. Maintain a neutral spine, steady breathing, and controlled movement throughout.	false	1.0	1.0
machine_reverse_fly	Machine Reverse Fly	Stand or lie in position with arms extended slightly bent. Lift or open your arms in a wide arc until you feel tension in the target muscles. Return slowly to the starting position without swinging. Maintain a neutral spine, steady breathing, and controlled movement throughout.	false	1.0	1.0
dumbbell_deadlift	Dumbbell Deadlift	Stand with your mid-foot under the bar and hinge at the hips with a flat back. Drive through your legs and hips to lift the weight while keeping it close to your body. Stand tall at the top, then lower under control to the floor. Maintain a neutral spine, steady breathing, and controlled movement throughout.	false	1.0	1.0
push_jerk	Push Jerk	Set up in a stable position with your core engaged. Perform the movement in a controlled motion, focusing on the target muscles. Return to the start position with balance and control. Maintain a neutral spine, steady breathing, and controlled movement throughout.	false	1.0	1.0
cable_overhead_tricep_extension	Cable Overhead Tricep Extension	Set up in a stable position with your core engaged. Perform the movement in a controlled motion, focusing on the target muscles. Return to the start position with balance and control. Maintain a neutral spine, steady breathing, and controlled movement throughout.	false	1.0	1.0
squat_jump	Squat Jump	Stand with your feet shoulder-width apart and brace your core. Lower into a squat by bending hips and knees, keeping your chest upright. Push through your heels to return to standing, squeezing your glutes at the top. Maintain a neutral spine, steady breathing, and controlled movement throughout.	false	1.0	1.0
dumbbell_calf_raise	Dumbbell Calf Raise	Stand or lie in position with arms extended slightly bent. Lift or open your arms in a wide arc until you feel tension in the target muscles. Return slowly to the starting position without swinging. Maintain a neutral spine, steady breathing, and controlled movement throughout.	true	1.0	1.0
sissy_squat	Sissy Squat	Stand with your feet shoulder-width apart and brace your core. Lower into a squat by bending hips and knees, keeping your chest upright. Push through your heels to return to standing, squeezing your glutes at the top. Maintain a neutral spine, steady breathing, and controlled movement throughout.	false	1.0	1.0
reverse_barbell_curl	Reverse Barbell Curl	Stand tall with elbows close to your sides and shoulders relaxed. Curl the weight upward by bending your elbows while keeping upper arms still. Lower slowly until your arms are fully extended. Maintain a neutral spine, steady breathing, and controlled movement throughout.	false	1.0	1.0
decline_dumbbell_bench_press	Decline Dumbbell Bench Press	Set your grip securely and brace your core for the press. Press the weight smoothly while keeping your torso stable and avoiding arching. Return under control to the starting position. Maintain a neutral spine, steady breathing, and controlled movement throughout.	false	1.0	1.0
dumbbell_tricep_kickback	Dumbbell Tricep Kickback	Set up in a stable position with your core engaged. Perform the movement in a controlled motion, focusing on the target muscles. Return to the start position with balance and control. Maintain a neutral spine, steady breathing, and controlled movement throughout.	false	1.0	1.0
reverse_grip_lat_pulldown	Reverse Grip Lat Pulldown	Set a firm grip and hinge slightly at the hips with chest up. Pull the weight toward your torso, squeezing your shoulder blades together. Return the weight under control to full extension. Maintain a neutral spine, steady breathing, and controlled movement throughout.	false	1.0	1.0
incline_push_up	Incline Push Up	Set up in a stable position with your core engaged. Perform the movement in a controlled motion, focusing on the target muscles. Return to the start position with balance and control. Maintain a neutral spine, steady breathing, and controlled movement throughout.	true	1.0	1.0
sled_press_calf_raise	Sled Press Calf Raise	Set your grip securely and brace your core for the press. Press the weight smoothly while keeping your torso stable and avoiding arching. Return under control to the starting position. Maintain a neutral spine, steady breathing, and controlled movement throughout.	true	1.0	1.0
single_leg_press	Single Leg Press	Set your grip securely and brace your core for the press. Press the weight smoothly while keeping your torso stable and avoiding arching. Return under control to the starting position. Maintain a neutral spine, steady breathing, and controlled movement throughout.	false	1.0	1.0
barbell_reverse_lunge	Barbell Reverse Lunge	Stand tall and step one foot forward into a long stance. Bend both knees to lower your hips straight down until your back knee nearly touches the floor. Drive through the front heel to return to standing. Maintain a neutral spine, steady breathing, and controlled movement throughout.	false	1.0	1.0
reverse_grip_bench_press	Reverse Grip Bench Press	Set your grip securely and brace your core for the press. Press the weight smoothly while keeping your torso stable and avoiding arching. Return under control to the starting position. Maintain a neutral spine, steady breathing, and controlled movement throughout.	false	1.0	1.0
belt_squat	Belt Squat	Stand with your feet shoulder-width apart and brace your core. Lower into a squat by bending hips and knees, keeping your chest upright. Push through your heels to return to standing, squeezing your glutes at the top. Maintain a neutral spine, steady breathing, and controlled movement throughout.	false	1.0	1.0
barbell_glute_bridge	Barbell Glute Bridge	Set up in a stable position with your core engaged. Perform the movement in a controlled motion, focusing on the target muscles. Return to the start position with balance and control. Maintain a neutral spine, steady breathing, and controlled movement throughout.	true	1.0	1.0
reverse_lunge	Reverse Lunge	Stand tall and step one foot forward into a long stance. Bend both knees to lower your hips straight down until your back knee nearly touches the floor. Drive through the front heel to return to standing. Maintain a neutral spine, steady breathing, and controlled movement throughout.	false	1.0	1.0
standing_leg_curl	Standing Leg Curl	Stand tall with elbows close to your sides and shoulders relaxed. Curl the weight upward by bending your elbows while keeping upper arms still. Lower slowly until your arms are fully extended. Maintain a neutral spine, steady breathing, and controlled movement throughout.	false	1.0	1.0
cable_pull_through	Cable Pull Through	Stand with your mid-foot under the bar and hinge at the hips with a flat back. Drive through your legs and hips to lift the weight while keeping it close to your body. Stand tall at the top, then lower under control to the floor. Maintain a neutral spine, steady breathing, and controlled movement throughout.	false	1.0	1.0
landmine_squat	Landmine Squat	Stand with your feet shoulder-width apart and brace your core. Lower into a squat by bending hips and knees, keeping your chest upright. Push through your heels to return to standing, squeezing your glutes at the top. Maintain a neutral spine, steady breathing, and controlled movement throughout.	false	1.0	1.0
straight_arm_pulldown	Straight Arm Pulldown	Set a firm grip and hinge slightly at the hips with chest up. Pull the weight toward your torso, squeezing your shoulder blades together. Return the weight under control to full extension. Maintain a neutral spine, steady breathing, and controlled movement throughout.	false	1.0	1.0
safety_bar_squat	Safety Bar Squat	Stand with your feet shoulder-width apart and brace your core. Lower into a squat by bending hips and knees, keeping your chest upright. Push through your heels to return to standing, squeezing your glutes at the top. Maintain a neutral spine, steady breathing, and controlled movement throughout.	false	1.0	1.0
deficit_deadlift	Deficit Deadlift	Stand with your mid-foot under the bar and hinge at the hips with a flat back. Drive through your legs and hips to lift the weight while keeping it close to your body. Stand tall at the top, then lower under control to the floor. Maintain a neutral spine, steady breathing, and controlled movement throughout.	false	1.0	1.0
dumbbell_upright_row	Dumbbell Upright Row	Set a firm grip and hinge slightly at the hips with chest up. Pull the weight toward your torso, squeezing your shoulder blades together. Return the weight under control to full extension. Maintain a neutral spine, steady breathing, and controlled movement throughout.	false	1.0	1.0
one_arm_dumbbell_preacher_curl	One Arm Dumbbell Preacher Curl	Stand tall with elbows close to your sides and shoulders relaxed. Curl the weight upward by bending your elbows while keeping upper arms still. Lower slowly until your arms are fully extended. Maintain a neutral spine, steady breathing, and controlled movement throughout.	false	1.0	1.0
dumbbell_wrist_curl	Dumbbell Wrist Curl	Stand tall with elbows close to your sides and shoulders relaxed. Curl the weight upward by bending your elbows while keeping upper arms still. Lower slowly until your arms are fully extended. Maintain a neutral spine, steady breathing, and controlled movement throughout.	false	1.0	1.0
strict_curl	Strict Curl	Stand tall with elbows close to your sides and shoulders relaxed. Curl the weight upward by bending your elbows while keeping upper arms still. Lower slowly until your arms are fully extended. Maintain a neutral spine, steady breathing, and controlled movement throughout.	false	1.0	1.0
decline_crunch	Decline Crunch	Lie on your back with knees bent and feet planted. Exhale as you lift your shoulders and ribcage toward your pelvis. Lower slowly back down, keeping tension in your core. Maintain a neutral spine, steady breathing, and controlled movement throughout.	true	1.0	1.0
one_arm_cable_bicep_curl	One Arm Cable Bicep Curl	Stand tall with elbows close to your sides and shoulders relaxed. Curl the weight upward by bending your elbows while keeping upper arms still. Lower slowly until your arms are fully extended. Maintain a neutral spine, steady breathing, and controlled movement throughout.	false	1.0	1.0
machine_tricep_extension	Machine Tricep Extension	Set up in a stable position with your core engaged. Perform the movement in a controlled motion, focusing on the target muscles. Return to the start position with balance and control. Maintain a neutral spine, steady breathing, and controlled movement throughout.	false	1.0	1.0
reverse_wrist_curl	Reverse Wrist Curl	Stand tall with elbows close to your sides and shoulders relaxed. Curl the weight upward by bending your elbows while keeping upper arms still. Lower slowly until your arms are fully extended. Maintain a neutral spine, steady breathing, and controlled movement throughout.	false	1.0	1.0
seated_dumbbell_tricep_extension	Seated Dumbbell Tricep Extension	Set up in a stable position with your core engaged. Perform the movement in a controlled motion, focusing on the target muscles. Return to the start position with balance and control. Maintain a neutral spine, steady breathing, and controlled movement throughout.	false	1.0	1.0
inverted_row	Inverted Row	Set a firm grip and hinge slightly at the hips with chest up. Pull the weight toward your torso, squeezing your shoulder blades together. Return the weight under control to full extension. Maintain a neutral spine, steady breathing, and controlled movement throughout.	false	1.0	1.0
machine_lateral_raise	Machine Lateral Raise	Stand or lie in position with arms extended slightly bent. Lift or open your arms in a wide arc until you feel tension in the target muscles. Return slowly to the starting position without swinging. Maintain a neutral spine, steady breathing, and controlled movement throughout.	false	1.0	1.0
ab_wheel_rollout	Ab Wheel Rollout	Set up in a stable position with your core engaged. Perform the movement in a controlled motion, focusing on the target muscles. Return to the start position with balance and control. Maintain a neutral spine, steady breathing, and controlled movement throughout.	false	1.0	1.0
neck_curl	Neck Curl	Stand tall with elbows close to your sides and shoulders relaxed. Curl the weight upward by bending your elbows while keeping upper arms still. Lower slowly until your arms are fully extended. Maintain a neutral spine, steady breathing, and controlled movement throughout.	false	1.0	1.0
hanging_knee_raise	Hanging Knee Raise	Stand or lie in position with arms extended slightly bent. Lift or open your arms in a wide arc until you feel tension in the target muscles. Return slowly to the starting position without swinging. Maintain a neutral spine, steady breathing, and controlled movement throughout.	true	1.0	1.0
ring_dips	Ring Dips	Set up in a stable position with your core engaged. Perform the movement in a controlled motion, focusing on the target muscles. Return to the start position with balance and control. Maintain a neutral spine, steady breathing, and controlled movement throughout.	true	1.0	1.0
pike_push_up	Pike Push Up	Set up in a stable position with your core engaged. Perform the movement in a controlled motion, focusing on the target muscles. Return to the start position with balance and control. Maintain a neutral spine, steady breathing, and controlled movement throughout.	true	1.0	1.0
nordic_hamstring_curl	Nordic Hamstring Curl	Stand tall with elbows close to your sides and shoulders relaxed. Curl the weight upward by bending your elbows while keeping upper arms still. Lower slowly until your arms are fully extended. Maintain a neutral spine, steady breathing, and controlled movement throughout.	false	1.0	1.0
toes_to_bar	Toes To Bar	Set up in a stable position with your core engaged. Perform the movement in a controlled motion, focusing on the target muscles. Return to the start position with balance and control. Maintain a neutral spine, steady breathing, and controlled movement throughout.	true	1.0	1.0
bent_over_dumbbell_row	Bent Over Dumbbell Row	Set a firm grip and hinge slightly at the hips with chest up. Pull the weight toward your torso, squeezing your shoulder blades together. Return the weight under control to full extension. Maintain a neutral spine, steady breathing, and controlled movement throughout.	false	1.0	1.0
behind_the_neck_press	Behind The Neck Press	Set your grip securely and brace your core for the press. Press the weight smoothly while keeping your torso stable and avoiding arching. Return under control to the starting position. Maintain a neutral spine, steady breathing, and controlled movement throughout.	false	1.0	1.0
close_grip_dumbbell_bench_press	Close Grip Dumbbell Bench Press	Set your grip securely and brace your core for the press. Press the weight smoothly while keeping your torso stable and avoiding arching. Return under control to the starting position. Maintain a neutral spine, steady breathing, and controlled movement throughout.	false	1.0	1.0
yates_row	Yates Row	Set a firm grip and hinge slightly at the hips with chest up. Pull the weight toward your torso, squeezing your shoulder blades together. Return the weight under control to full extension. Maintain a neutral spine, steady breathing, and controlled movement throughout.	false	1.0	1.0
pause_squat	Pause Squat	Stand with your feet shoulder-width apart and brace your core. Lower into a squat by bending hips and knees, keeping your chest upright. Push through your heels to return to standing, squeezing your glutes at the top. Maintain a neutral spine, steady breathing, and controlled movement throughout.	false	1.0	1.0
cable_reverse_fly	Cable Reverse Fly	Stand or lie in position with arms extended slightly bent. Lift or open your arms in a wide arc until you feel tension in the target muscles. Return slowly to the starting position without swinging. Maintain a neutral spine, steady breathing, and controlled movement throughout.	false	1.0	1.0
machine_back_extension	Machine Back Extension	Set up in a stable position with your core engaged. Perform the movement in a controlled motion, focusing on the target muscles. Return to the start position with balance and control. Maintain a neutral spine, steady breathing, and controlled movement throughout.	false	1.0	1.0
single_leg_romanian_deadlift	Single Leg Romanian Deadlift	Stand with your mid-foot under the bar and hinge at the hips with a flat back. Drive through your legs and hips to lift the weight while keeping it close to your body. Stand tall at the top, then lower under control to the floor. Maintain a neutral spine, steady breathing, and controlled movement throughout.	false	1.0	1.0
sumo_squat	Sumo Squat	Stand with your feet shoulder-width apart and brace your core. Lower into a squat by bending hips and knees, keeping your chest upright. Push through your heels to return to standing, squeezing your glutes at the top. Maintain a neutral spine, steady breathing, and controlled movement throughout.	false	1.0	1.0
hang_power_clean	Hang Power Clean	Stand with your mid-foot under the bar and hinge at the hips with a flat back. Drive through your legs and hips to lift the weight while keeping it close to your body. Stand tall at the top, then lower under control to the floor. Maintain a neutral spine, steady breathing, and controlled movement throughout.	false	1.0	1.0
barbell_front_raise	Barbell Front Raise	Stand or lie in position with arms extended slightly bent. Lift or open your arms in a wide arc until you feel tension in the target muscles. Return slowly to the starting position without swinging. Maintain a neutral spine, steady breathing, and controlled movement throughout.	false	1.0	1.0
barbell_hack_squat	Barbell Hack Squat	Stand with your feet shoulder-width apart and brace your core. Lower into a squat by bending hips and knees, keeping your chest upright. Push through your heels to return to standing, squeezing your glutes at the top. Maintain a neutral spine, steady breathing, and controlled movement throughout.	false	1.0	1.0
bench_pin_press	Bench Pin Press	Set your grip securely and brace your core for the press. Press the weight smoothly while keeping your torso stable and avoiding arching. Return under control to the starting position. Maintain a neutral spine, steady breathing, and controlled movement throughout.	false	1.0	1.0
dumbbell_snatch	Dumbbell Snatch	Stand with your mid-foot under the bar and hinge at the hips with a flat back. Drive through your legs and hips to lift the weight while keeping it close to your body. Stand tall at the top, then lower under control to the floor. Maintain a neutral spine, steady breathing, and controlled movement throughout.	false	1.0	1.0
jm_press	JM Press	Set your grip securely and brace your core for the press. Press the weight smoothly while keeping your torso stable and avoiding arching. Return under control to the starting position. Maintain a neutral spine, steady breathing, and controlled movement throughout.	false	1.0	1.0
incline_hammer_curl	Incline Hammer Curl	Stand tall with elbows close to your sides and shoulders relaxed. Curl the weight upward by bending your elbows while keeping upper arms still. Lower slowly until your arms are fully extended. Maintain a neutral spine, steady breathing, and controlled movement throughout.	false	1.0	1.0
cable_kickback	Cable Kickback	Set up in a stable position with your core engaged. Perform the movement in a controlled motion, focusing on the target muscles. Return to the start position with balance and control. Maintain a neutral spine, steady breathing, and controlled movement throughout.	false	1.0	1.0
seated_dumbbell_curl	Seated Dumbbell Curl	Stand tall with elbows close to your sides and shoulders relaxed. Curl the weight upward by bending your elbows while keeping upper arms still. Lower slowly until your arms are fully extended. Maintain a neutral spine, steady breathing, and controlled movement throughout.	false	1.0	1.0
snatch_deadlift	Snatch Deadlift	Stand with your mid-foot under the bar and hinge at the hips with a flat back. Drive through your legs and hips to lift the weight while keeping it close to your body. Stand tall at the top, then lower under control to the floor. Maintain a neutral spine, steady breathing, and controlled movement throughout.	false	1.0	1.0
clean_high_pull	Clean High Pull	Stand with your mid-foot under the bar and hinge at the hips with a flat back. Drive through your legs and hips to lift the weight while keeping it close to your body. Stand tall at the top, then lower under control to the floor. Maintain a neutral spine, steady breathing, and controlled movement throughout.	false	1.0	1.0
cable_woodchopper	Cable Woodchopper	Set up in a stable position with your core engaged. Perform the movement in a controlled motion, focusing on the target muscles. Return to the start position with balance and control. Maintain a neutral spine, steady breathing, and controlled movement throughout.	false	1.0	1.0
barbell_pullover	Barbell Pullover	Stand with your mid-foot under the bar and hinge at the hips with a flat back. Drive through your legs and hips to lift the weight while keeping it close to your body. Stand tall at the top, then lower under control to the floor. Maintain a neutral spine, steady breathing, and controlled movement throughout.	false	1.0	1.0
spider_curl	Spider Curl	Stand tall with elbows close to your sides and shoulders relaxed. Curl the weight upward by bending your elbows while keeping upper arms still. Lower slowly until your arms are fully extended. Maintain a neutral spine, steady breathing, and controlled movement throughout.	false	1.0	1.0
landmine_press	Landmine Press	Set your grip securely and brace your core for the press. Press the weight smoothly while keeping your torso stable and avoiding arching. Return under control to the starting position. Maintain a neutral spine, steady breathing, and controlled movement throughout.	false	1.0	1.0
one_arm_lat_pulldown	One Arm Lat Pulldown	Set a firm grip and hinge slightly at the hips with chest up. Pull the weight toward your torso, squeezing your shoulder blades together. Return the weight under control to full extension. Maintain a neutral spine, steady breathing, and controlled movement throughout.	false	1.0	1.0
clean_pull	Clean Pull	Stand with your mid-foot under the bar and hinge at the hips with a flat back. Drive through your legs and hips to lift the weight while keeping it close to your body. Stand tall at the top, then lower under control to the floor. Maintain a neutral spine, steady breathing, and controlled movement throughout.	false	1.0	1.0
pause_deadlift	Pause Deadlift	Stand with your mid-foot under the bar and hinge at the hips with a flat back. Drive through your legs and hips to lift the weight while keeping it close to your body. Stand tall at the top, then lower under control to the floor. Maintain a neutral spine, steady breathing, and controlled movement throughout.	false	1.0	1.0
neck_extension	Neck Extension	Set up in a stable position with your core engaged. Perform the movement in a controlled motion, focusing on the target muscles. Return to the start position with balance and control. Maintain a neutral spine, steady breathing, and controlled movement throughout.	false	1.0	1.0
wide_grip_bench_press	Wide Grip Bench Press	Set your grip securely and brace your core for the press. Press the weight smoothly while keeping your torso stable and avoiding arching. Return under control to the starting position. Maintain a neutral spine, steady breathing, and controlled movement throughout.	false	1.0	1.0
zottman_curl	Zottman Curl	Stand tall with elbows close to your sides and shoulders relaxed. Curl the weight upward by bending your elbows while keeping upper arms still. Lower slowly until your arms are fully extended. Maintain a neutral spine, steady breathing, and controlled movement throughout.	false	1.0	1.0
reverse_grip_tricep_pushdown	Reverse Grip Tricep Pushdown	Set up in a stable position with your core engaged. Perform the movement in a controlled motion, focusing on the target muscles. Return to the start position with balance and control. Maintain a neutral spine, steady breathing, and controlled movement throughout.	false	1.0	1.0
renegade_row	Renegade Row	Set a firm grip and hinge slightly at the hips with chest up. Pull the weight toward your torso, squeezing your shoulder blades together. Return the weight under control to full extension. Maintain a neutral spine, steady breathing, and controlled movement throughout.	false	1.0	1.0
single_leg_deadlift	Single Leg Deadlift	Stand with your mid-foot under the bar and hinge at the hips with a flat back. Drive through your legs and hips to lift the weight while keeping it close to your body. Stand tall at the top, then lower under control to the floor. Maintain a neutral spine, steady breathing, and controlled movement throughout.	false	1.0	1.0
dumbbell_reverse_wrist_curl	Dumbbell Reverse Wrist Curl	Stand tall with elbows close to your sides and shoulders relaxed. Curl the weight upward by bending your elbows while keeping upper arms still. Lower slowly until your arms are fully extended. Maintain a neutral spine, steady breathing, and controlled movement throughout.	false	1.0	1.0
muscle_snatch	Muscle Snatch	Stand with your mid-foot under the bar and hinge at the hips with a flat back. Drive through your legs and hips to lift the weight while keeping it close to your body. Stand tall at the top, then lower under control to the floor. Maintain a neutral spine, steady breathing, and controlled movement throughout.	false	1.0	1.0
jefferson_deadlift	Jefferson Deadlift	Stand with your mid-foot under the bar and hinge at the hips with a flat back. Drive through your legs and hips to lift the weight while keeping it close to your body. Stand tall at the top, then lower under control to the floor. Maintain a neutral spine, steady breathing, and controlled movement throughout.	false	1.0	1.0
z_press	Z Press	Set your grip securely and brace your core for the press. Press the weight smoothly while keeping your torso stable and avoiding arching. Return under control to the starting position. Maintain a neutral spine, steady breathing, and controlled movement throughout.	false	1.0	1.0
dumbbell_bench_pull	Dumbbell Bench Pull	Stand with your mid-foot under the bar and hinge at the hips with a flat back. Drive through your legs and hips to lift the weight while keeping it close to your body. Stand tall at the top, then lower under control to the floor. Maintain a neutral spine, steady breathing, and controlled movement throughout.	false	1.0	1.0
cheat_curl	Cheat Curl	Stand tall with elbows close to your sides and shoulders relaxed. Curl the weight upward by bending your elbows while keeping upper arms still. Lower slowly until your arms are fully extended. Maintain a neutral spine, steady breathing, and controlled movement throughout.	false	1.0	1.0
viking_press	Viking Press	Set your grip securely and brace your core for the press. Press the weight smoothly while keeping your torso stable and avoiding arching. Return under control to the starting position. Maintain a neutral spine, steady breathing, and controlled movement throughout.	false	1.0	1.0
walking_lunge	Walking Lunge	Stand tall and step one foot forward into a long stance. Bend both knees to lower your hips straight down until your back knee nearly touches the floor. Drive through the front heel to return to standing. Maintain a neutral spine, steady breathing, and controlled movement throughout.	false	1.0	1.0
tate_press	Tate Press	Set your grip securely and brace your core for the press. Press the weight smoothly while keeping your torso stable and avoiding arching. Return under control to the starting position. Maintain a neutral spine, steady breathing, and controlled movement throughout.	false	1.0	1.0
dumbbell_front_squat	Dumbbell Front Squat	Stand with your feet shoulder-width apart and brace your core. Lower into a squat by bending hips and knees, keeping your chest upright. Push through your heels to return to standing, squeezing your glutes at the top. Maintain a neutral spine, steady breathing, and controlled movement throughout.	false	1.0	1.0
shoulder_pin_press	Shoulder Pin Press	Set your grip securely and brace your core for the press. Press the weight smoothly while keeping your torso stable and avoiding arching. Return under control to the starting position. Maintain a neutral spine, steady breathing, and controlled movement throughout.	false	1.0	1.0
one_arm_seated_cable_row	One Arm Seated Cable Row	Set a firm grip and hinge slightly at the hips with chest up. Pull the weight toward your torso, squeezing your shoulder blades together. Return the weight under control to full extension. Maintain a neutral spine, steady breathing, and controlled movement throughout.	false	1.0	1.0
pin_squat	Pin Squat	Stand with your feet shoulder-width apart and brace your core. Lower into a squat by bending hips and knees, keeping your chest upright. Push through your heels to return to standing, squeezing your glutes at the top. Maintain a neutral spine, steady breathing, and controlled movement throughout.	false	1.0	1.0
cable_hammer_curl	Cable Hammer Curl	Stand tall with elbows close to your sides and shoulders relaxed. Curl the weight upward by bending your elbows while keeping upper arms still. Lower slowly until your arms are fully extended. Maintain a neutral spine, steady breathing, and controlled movement throughout.	false	1.0	1.0
snatch_pull	Snatch Pull	Stand with your mid-foot under the bar and hinge at the hips with a flat back. Drive through your legs and hips to lift the weight while keeping it close to your body. Stand tall at the top, then lower under control to the floor. Maintain a neutral spine, steady breathing, and controlled movement throughout.	false	1.0	1.0
dumbbell_z_press	Dumbbell Z Press	Set your grip securely and brace your core for the press. Press the weight smoothly while keeping your torso stable and avoiding arching. Return under control to the starting position. Maintain a neutral spine, steady breathing, and controlled movement throughout.	false	1.0	1.0
dumbbell_split_squat	Dumbbell Split Squat	Stand with your feet shoulder-width apart and brace your core. Lower into a squat by bending hips and knees, keeping your chest upright. Push through your heels to return to standing, squeezing your glutes at the top. Maintain a neutral spine, steady breathing, and controlled movement throughout.	false	1.0	1.0
wall_ball	Wall Ball	Set up in a stable position with your core engaged. Perform the movement in a controlled motion, focusing on the target muscles. Return to the start position with balance and control. Maintain a neutral spine, steady breathing, and controlled movement throughout.	false	1.0	1.0
close_grip_incline_bench_press	Close Grip Incline Bench Press	Set your grip securely and brace your core for the press. Press the weight smoothly while keeping your torso stable and avoiding arching. Return under control to the starting position. Maintain a neutral spine, steady breathing, and controlled movement throughout.	false	1.0	1.0
jumping_jack	Jumping Jack	Set up in a stable position with your core engaged. Perform the movement in a controlled motion, focusing on the target muscles. Return to the start position with balance and control. Maintain a neutral spine, steady breathing, and controlled movement throughout.	true	1.0	1.0
machine_shrug	Machine Shrug	Set up in a stable position with your core engaged. Perform the movement in a controlled motion, focusing on the target muscles. Return to the start position with balance and control. Maintain a neutral spine, steady breathing, and controlled movement throughout.	false	1.0	1.0
hex_bar_shrug	Hex Bar Shrug	Set up in a stable position with your core engaged. Perform the movement in a controlled motion, focusing on the target muscles. Return to the start position with balance and control. Maintain a neutral spine, steady breathing, and controlled movement throughout.	false	1.0	1.0
bicycle_crunch	Bicycle Crunch	Lie on your back with knees bent and feet planted. Exhale as you lift your shoulders and ribcage toward your pelvis. Lower slowly back down, keeping tension in your core. Maintain a neutral spine, steady breathing, and controlled movement throughout.	true	1.0	1.0
single_leg_dumbbell_deadlift	Single Leg Dumbbell Deadlift	Stand with your mid-foot under the bar and hinge at the hips with a flat back. Drive through your legs and hips to lift the weight while keeping it close to your body. Stand tall at the top, then lower under control to the floor. Maintain a neutral spine, steady breathing, and controlled movement throughout.	false	1.0	1.0
dumbbell_external_rotation	Dumbbell External Rotation	Set up in a stable position with your core engaged. Perform the movement in a controlled motion, focusing on the target muscles. Return to the start position with balance and control. Maintain a neutral spine, steady breathing, and controlled movement throughout.	false	1.0	1.0
dumbbell_face_pull	Dumbbell Face Pull	Stand with your mid-foot under the bar and hinge at the hips with a flat back. Drive through your legs and hips to lift the weight while keeping it close to your body. Stand tall at the top, then lower under control to the floor. Maintain a neutral spine, steady breathing, and controlled movement throughout.	false	1.0	1.0
smith_machine_shrug	Smith Machine Shrug	Set up in a stable position with your core engaged. Perform the movement in a controlled motion, focusing on the target muscles. Return to the start position with balance and control. Maintain a neutral spine, steady breathing, and controlled movement throughout.	false	1.0	1.0
dumbbell_push_press	Dumbbell Push Press	Set your grip securely and brace your core for the press. Press the weight smoothly while keeping your torso stable and avoiding arching. Return under control to the starting position. Maintain a neutral spine, steady breathing, and controlled movement throughout.	false	1.0	1.0
half_squat	Half Squat	Stand with your feet shoulder-width apart and brace your core. Lower into a squat by bending hips and knees, keeping your chest upright. Push through your heels to return to standing, squeezing your glutes at the top. Maintain a neutral spine, steady breathing, and controlled movement throughout.	false	1.0	1.0
archer_push_ups	Archer Push Ups	Set up in a stable position with your core engaged. Perform the movement in a controlled motion, focusing on the target muscles. Return to the start position with balance and control. Maintain a neutral spine, steady breathing, and controlled movement throughout.	true	1.0	1.0
dumbbell_incline_y_raise	Dumbbell Incline Y Raise	Stand or lie in position with arms extended slightly bent. Lift or open your arms in a wide arc until you feel tension in the target muscles. Return slowly to the starting position without swinging. Maintain a neutral spine, steady breathing, and controlled movement throughout.	false	1.0	1.0
dumbbell_clean_and_press	Dumbbell Clean and Press	Set your grip securely and brace your core for the press. Press the weight smoothly while keeping your torso stable and avoiding arching. Return under control to the starting position. Maintain a neutral spine, steady breathing, and controlled movement throughout.	false	1.0	1.0
cable_leg_extension	Cable Leg Extension	Set up in a stable position with your core engaged. Perform the movement in a controlled motion, focusing on the target muscles. Return to the start position with balance and control. Maintain a neutral spine, steady breathing, and controlled movement throughout.	false	1.0	1.0
cable_shrug	Cable Shrug	Set up in a stable position with your core engaged. Perform the movement in a controlled motion, focusing on the target muscles. Return to the start position with balance and control. Maintain a neutral spine, steady breathing, and controlled movement throughout.	false	1.0	1.0
meadows_row	Meadows Row	Set a firm grip and hinge slightly at the hips with chest up. Pull the weight toward your torso, squeezing your shoulder blades together. Return the weight under control to full extension. Maintain a neutral spine, steady breathing, and controlled movement throughout.	false	1.0	1.0
single_leg_seated_calf_raise	Single Leg Seated Calf Raise	Stand or lie in position with arms extended slightly bent. Lift or open your arms in a wide arc until you feel tension in the target muscles. Return slowly to the starting position without swinging. Maintain a neutral spine, steady breathing, and controlled movement throughout.	true	1.0	1.0
glute_ham_raise	Glute Ham Raise	Stand or lie in position with arms extended slightly bent. Lift or open your arms in a wide arc until you feel tension in the target muscles. Return slowly to the starting position without swinging. Maintain a neutral spine, steady breathing, and controlled movement throughout.	false	1.0	1.0
cable_external_rotation	Cable External Rotation	Set up in a stable position with your core engaged. Perform the movement in a controlled motion, focusing on the target muscles. Return to the start position with balance and control. Maintain a neutral spine, steady breathing, and controlled movement throughout.	false	1.0	1.0
side_lunge	Side Lunge	Stand tall and step one foot forward into a long stance. Bend both knees to lower your hips straight down until your back knee nearly touches the floor. Drive through the front heel to return to standing. Maintain a neutral spine, steady breathing, and controlled movement throughout.	false	1.0	1.0
barbell_power_shrug	Barbell Power Shrug	Set up in a stable position with your core engaged. Perform the movement in a controlled motion, focusing on the target muscles. Return to the start position with balance and control. Maintain a neutral spine, steady breathing, and controlled movement throughout.	false	1.0	1.0
bent_arm_barbell_pullover	Bent Arm Barbell Pullover	Stand with your mid-foot under the bar and hinge at the hips with a flat back. Drive through your legs and hips to lift the weight while keeping it close to your body. Stand tall at the top, then lower under control to the floor. Maintain a neutral spine, steady breathing, and controlled movement throughout.	false	1.0	1.0
reverse_crunches	Reverse Crunches	Lie on your back with knees bent and feet planted. Exhale as you lift your shoulders and ribcage toward your pelvis. Lower slowly back down, keeping tension in your core. Maintain a neutral spine, steady breathing, and controlled movement throughout.	true	1.0	1.0
ring_muscle_ups	Ring Muscle Ups	Set up in a stable position with your core engaged. Perform the movement in a controlled motion, focusing on the target muscles. Return to the start position with balance and control. Maintain a neutral spine, steady breathing, and controlled movement throughout.	true	1.0	1.0
one_arm_pulldown	One Arm Pulldown	Set a firm grip and hinge slightly at the hips with chest up. Pull the weight toward your torso, squeezing your shoulder blades together. Return the weight under control to full extension. Maintain a neutral spine, steady breathing, and controlled movement throughout.	false	1.0	1.0
hang_snatch	Hang Snatch	Stand with your mid-foot under the bar and hinge at the hips with a flat back. Drive through your legs and hips to lift the weight while keeping it close to your body. Stand tall at the top, then lower under control to the floor. Maintain a neutral spine, steady breathing, and controlled movement throughout.	false	1.0	1.0
behind_the_back_barbell_shrug	Behind The Back Barbell Shrug	Set up in a stable position with your core engaged. Perform the movement in a controlled motion, focusing on the target muscles. Return to the start position with balance and control. Maintain a neutral spine, steady breathing, and controlled movement throughout.	false	1.0	1.0
flutter_kicks	Flutter Kicks	Set up in a stable position with your core engaged. Perform the movement in a controlled motion, focusing on the target muscles. Return to the start position with balance and control. Maintain a neutral spine, steady breathing, and controlled movement throughout.	true	1.0	1.0
mountain_climbers	Mountain Climbers	Set up in a stable position with your core engaged. Perform the movement in a controlled motion, focusing on the target muscles. Return to the start position with balance and control. Maintain a neutral spine, steady breathing, and controlled movement throughout.	true	1.0	1.0
decline_dumbbell_fly	Decline Dumbbell Fly	Stand or lie in position with arms extended slightly bent. Lift or open your arms in a wide arc until you feel tension in the target muscles. Return slowly to the starting position without swinging. Maintain a neutral spine, steady breathing, and controlled movement throughout.	false	1.0	1.0
donkey_calf_raise	Donkey Calf Raise	Stand or lie in position with arms extended slightly bent. Lift or open your arms in a wide arc until you feel tension in the target muscles. Return slowly to the starting position without swinging. Maintain a neutral spine, steady breathing, and controlled movement throughout.	true	1.0	1.0
dumbbell_high_pull	Dumbbell High Pull	Stand with your mid-foot under the bar and hinge at the hips with a flat back. Drive through your legs and hips to lift the weight while keeping it close to your body. Stand tall at the top, then lower under control to the floor. Maintain a neutral spine, steady breathing, and controlled movement throughout.	false	1.0	1.0
behind_the_back_deadlift	Behind The Back Deadlift	Stand with your mid-foot under the bar and hinge at the hips with a flat back. Drive through your legs and hips to lift the weight while keeping it close to your body. Stand tall at the top, then lower under control to the floor. Maintain a neutral spine, steady breathing, and controlled movement throughout.	false	1.0	1.0
superman	Superman	Set up in a stable position with your core engaged. Perform the movement in a controlled motion, focusing on the target muscles. Return to the start position with balance and control. Maintain a neutral spine, steady breathing, and controlled movement throughout.	true	1.0	1.0
dumbbell_hang_clean	Dumbbell Hang Clean	Stand with your mid-foot under the bar and hinge at the hips with a flat back. Drive through your legs and hips to lift the weight while keeping it close to your body. Stand tall at the top, then lower under control to the floor. Maintain a neutral spine, steady breathing, and controlled movement throughout.	false	1.0	1.0
standing_cable_crunch	Standing Cable Crunch	Lie on your back with knees bent and feet planted. Exhale as you lift your shoulders and ribcage toward your pelvis. Lower slowly back down, keeping tension in your core. Maintain a neutral spine, steady breathing, and controlled movement throughout.	true	1.0	1.0
clap_pull_up	Clap Pull Up	Stand with your mid-foot under the bar and hinge at the hips with a flat back. Drive through your legs and hips to lift the weight while keeping it close to your body. Stand tall at the top, then lower under control to the floor. Maintain a neutral spine, steady breathing, and controlled movement throughout.	true	1.0	1.0
dumbbell_walking_calf_raise	Dumbbell Walking Calf Raise	Stand or lie in position with arms extended slightly bent. Lift or open your arms in a wide arc until you feel tension in the target muscles. Return slowly to the starting position without swinging. Maintain a neutral spine, steady breathing, and controlled movement throughout.	true	1.0	1.0
reverse_hyperextension	Reverse Hyperextension	Set up in a stable position with your core engaged. Perform the movement in a controlled motion, focusing on the target muscles. Return to the start position with balance and control. Maintain a neutral spine, steady breathing, and controlled movement throughout.	false	1.0	1.0
high_pulley_crunch	High Pulley Crunch	Lie on your back with knees bent and feet planted. Exhale as you lift your shoulders and ribcage toward your pelvis. Lower slowly back down, keeping tension in your core. Maintain a neutral spine, steady breathing, and controlled movement throughout.	true	1.0	1.0
side_leg_raise	Side Leg Raise	Stand or lie in position with arms extended slightly bent. Lift or open your arms in a wide arc until you feel tension in the target muscles. Return slowly to the starting position without swinging. Maintain a neutral spine, steady breathing, and controlled movement throughout.	false	1.0	1.0
overhead_cable_curl	Overhead Cable Curl	Stand tall with elbows close to your sides and shoulders relaxed. Curl the weight upward by bending your elbows while keeping upper arms still. Lower slowly until your arms are fully extended. Maintain a neutral spine, steady breathing, and controlled movement throughout.	false	1.0	1.0
side_crunch	Side Crunch	Lie on your back with knees bent and feet planted. Exhale as you lift your shoulders and ribcage toward your pelvis. Lower slowly back down, keeping tension in your core. Maintain a neutral spine, steady breathing, and controlled movement throughout.	true	1.0	1.0
roman_chair_side_bend	Roman Chair Side Bend	Set up in a stable position with your core engaged. Perform the movement in a controlled motion, focusing on the target muscles. Return to the start position with balance and control. Maintain a neutral spine, steady breathing, and controlled movement throughout.	false	1.0	1.0
floor_hip_abduction	Floor Hip Abduction	Set up in a stable position with your core engaged. Perform the movement in a controlled motion, focusing on the target muscles. Return to the start position with balance and control. Maintain a neutral spine, steady breathing, and controlled movement throughout.	false	1.0	1.0
hip_extension	Hip Extension	Set up in a stable position with your core engaged. Perform the movement in a controlled motion, focusing on the target muscles. Return to the start position with balance and control. Maintain a neutral spine, steady breathing, and controlled movement throughout.	false	1.0	1.0
jefferson_squat	Jefferson Squat	Stand with your feet shoulder-width apart and brace your core. Lower into a squat by bending hips and knees, keeping your chest upright. Push through your heels to return to standing, squeezing your glutes at the top. Maintain a neutral spine, steady breathing, and controlled movement throughout.	false	1.0	1.0
squat_thrust	Squat Thrust	Stand with your feet shoulder-width apart and brace your core. Lower into a squat by bending hips and knees, keeping your chest upright. Push through your heels to return to standing, squeezing your glutes at the top. Maintain a neutral spine, steady breathing, and controlled movement throughout.	false	1.0	1.0
scissor_kicks	Scissor Kicks	Set up in a stable position with your core engaged. Perform the movement in a controlled motion, focusing on the target muscles. Return to the start position with balance and control. Maintain a neutral spine, steady breathing, and controlled movement throughout.	false	1.0	1.0
incline_cable_curl	Incline Cable Curl	Stand tall with elbows close to your sides and shoulders relaxed. Curl the weight upward by bending your elbows while keeping upper arms still. Lower slowly until your arms are fully extended. Maintain a neutral spine, steady breathing, and controlled movement throughout.	false	1.0	1.0
lying_cable_curl	Lying Cable Curl	Stand tall with elbows close to your sides and shoulders relaxed. Curl the weight upward by bending your elbows while keeping upper arms still. Lower slowly until your arms are fully extended. Maintain a neutral spine, steady breathing, and controlled movement throughout.	false	1.0	1.0
floor_hip_extension	Floor Hip Extension	Set up in a stable position with your core engaged. Perform the movement in a controlled motion, focusing on the target muscles. Return to the start position with balance and control. Maintain a neutral spine, steady breathing, and controlled movement throughout.	false	1.0	1.0
